rank,feature,gain,share
1,rank,12645411.0,0.5559
2,num_tset,2539577.0,0.1116
3,n_compact_ratio,1107354.0,0.0487
4,blk,971060.0,0.0427
5,a_tset,888223.0,0.039
6,n_latin_ratio,629694.0,0.0277
7,n_core_partial,470606.0,0.0207
8,addr_gap,379613.0,0.0167
9,a_plain_tset,289872.0,0.0127
10,n_latin_tset,200486.0,0.0088
11,c_ntok,195507.0,0.0086
12,hn_absdiff,188825.0,0.0083
13,n_light_ratio,171511.0,0.0075
14,n_compact_partial,161398.0,0.0071
15,n_core_tsort,152127.0,0.0067
16,hn_eq,150985.0,0.0066
17,a_partial,124430.0,0.0055
18,n_core_ratio,121138.0,0.0053
19,hn_trunc,104369.0,0.0046
20,ncos,101825.0,0.0045
21,acos,99203.0,0.0044
22,blk_rel,97570.0,0.0043
23,len_ratio,90064.0,0.004
24,n_core_jw,88488.0,0.0039
25,num_exact,85444.0,0.0038
26,legal_conflict,85181.0,0.0037
27,hn_reldiff,59887.0,0.0026
28,blk_gap,51689.0,0.0023
29,q_ncomp,49392.0,0.0022
30,c_has_num,49297.0,0.0022
31,legal_same,48459.0,0.0021
32,hn_lev,47833.0,0.0021
33,a_ratio,41633.0,0.0018
34,n_core_tset,39507.0,0.0017
35,n_first_eq,34839.0,0.0015
36,c_ncomp,34759.0,0.0015
37,q_ntok,30717.0,0.0014
38,n_cand,26672.0,0.0012
39,init_match,24485.0,0.0011
40,name_gap,22654.0,0.001
41,in_name,15017.0,0.0007
42,is_s3,11531.0,0.0005
43,q_has_num,7406.0,0.0003
44,c_deva,5628.0,0.0002
45,unit_eq,3000.0,0.0001
46,unit_conflict,1307.0,0.0001
47,postal_conflict,1174.0,0.0001
48,hn_both,1165.0,0.0001
49,cross_script,1074.0,0.0
50,postal_eq,287.0,0.0
51,alias_best,259.0,0.0
52,n_core_exact,11.0,0.0
53,q_deva,0.0,0.0
54,c_addr_missing,0.0,0.0
55,c_fixed,0.0,0.0
